BioMed Central,4396
Public Library of Science,1674
Oxford University Press,790
The Rockefeller University Press,740
Hindawi Publishing Corporation,732
International Union of Crystallography,497
Springer-Verlag,479
Frontiers Research Foundation,306
Molecular Diversity Preservation International (MDPI),244
Dove Medical Press,221
National Institute of Environmental Health Sciences,135
Molecular Vision,120
Blackwell Publishing Ltd,107
SAGE-Hindawi Access to Research,102
Springer Netherlands,99
Springer,90
Hospital das Clínicas da Faculdade de Medicina da Universidade de São Paulo,88
S. Karger AG,84
Ivyspring International Publisher,78
Springer US,76
Tehran University of Medical Sciences,73
Frontiers Media S.A.,72
International Scholarly Research Network,63
American Chemical Society,57
Libertas Academica,55
Yonsei University College of Medicine,55
MDPI,53
BMJ Group,51
Centers for Disease Control and Prevention,49
Optical Society of America,47
The Korean Academy of Medical Sciences,33
Informa Healthcare,33
Landes Bioscience,33
Termedia Publishing House,32
Springer Milan,30
"Wiley Subscription Services, Inc., A Wiley Company",30
Dental Investigations Society,30
The Korean Ophthalmological Society,28
Nature Publishing Group,27
BMJ Publishing Group Ltd.,27
Kowsar,26
The Scientific World Journal,25
The Korean Urological Association,23
Society for General Microbiology,23
The Korean Society of Veterinary Science,23
Humana Press Inc,22
CoAction Publishing,22
Bentham Open,22
BMJ Publishing Group,21
Indian Heart Rhythm Society,21
PAGEPress Publications,21
the Society for Free Radical Research Japan,20
Medknow Publications,20
Associação Brasileira de Hematologia e Hemoterapia,20
Biomedical Informatics,20
The Korean Pediatric Society,19
Molecular Diversity Preservation International,19
Elmer Press,18
MyJove Corporation,17
"Department of Emergency Medicine, University of California, Irvine School of Medicine",17
Current Science Inc.,16
Korean Neurological Association,16
The Korean Radiological Society,16
Portland Press Ltd.,15
Impact Journals LLC,15
"International Centre for Diarrhoeal Disease Research, Bangladesh",14
Korean Society of Neurogastroenterology and Motility,14
Korean Academy of Rehabilitation Medicine,14
"Department of Biomedical Imaging, Faculty of Medicine, University of Malaya, Malaysia",14
The Korean Society of Cardiology,14
Sociedade Brasileira de Genética,13
Biomedical Informatics Publishing Group,13
Università Cattolica del Sacro Cuore,13
Indian Pacing and Electrophysiology Group,12
Blackwell Publishing Inc,12
The Korean Pain Society,11
The International AIDS Society,11
Society of Laparoendoscopic Surgeons,11
The Korean Association of Internal Medicine,11
The Korean Surgical Society,11
Korean Dermatological Association; The Korean Society for Investigative Dermatology,11
"American Chemical
Society",11
YJBM,11
The Korean Society of Gastrointestinal Endoscopy,10
The Korean Association for the Study of the Liver,10
Springer Vienna,10
Korean Neuropsychiatric Association,10
The Korean Society of Anesthesiologists,10
"Versita, Warsaw",10
Ophthalmic Research Center ,10
Korean Society of Spine Surgery,9
"International Scientific Literature, Inc.",9
Michigan State University,9
The Korean Neurosurgical Society,9
WILEY-VCH Verlag,9
The Royal Society,9
Co-Action Publishing,8
Bohn Stafleu van Loghum,8
The Korean Orthopaedic Association,8
Springer Japan,8
EDP Sciences,8
The Korean Nutrition Society and the Korean Society of Community Nutrition,8
Taylor & Francis,8
The American Society for Cell Biology,7
The Korean Association of Immunologists,7
The American Society of Tropical Medicine and Hygiene,7
"Open Science Company, LLC",7
Korean Association for Laboratory Animal Science,7
Croatian Medical Schools,7
Pacini Editore SpA,7
The Korean Physiological Society and The Korean Society of Pharmacology,7
Galenos Publishing,7
Royal Society of Medicine Press,7
Korean Society for Biochemistry and Molecular Biology,6
The Korean Society of Gastroenterology; the Korean Society of Gastrointestinal Endoscopy; the Korean Association for the Study of the Liver; the Korean Society of Neurogastroenterology and Motility; Korean Association for the Study of Intestinal Diseases; Korean College of Helicobacter and Upper Gastrointestinal Research; Korean Society of Pancreatobiliary Diseases,6
Korean Society of Otorhinolaryngology-Head and Neck Surgery,6
The Korean Knee Society,6
Yale Journal of Biology and Medicine,6
The Korean Society of Coloproctology,6
The Korean Nutrition Society and The Korean Society of Community Nutrition,6
Korean Association of Anatomists,6
The Korean Society of Electrolyte Metabolism,5
"The Korean Academy of Asthma, Allergy and Clinical Immunology; The Korean Academy of Pediatric Allergy and Respiratory Disease",5
Iranian Center for Endodontic Research,5
SP Birkhäuser Verlag Basel,5
National Institue of Environmental Health Sciences,5
National University of Health Sciences,5
Bentham Science Publishers Ltd,5
Genetics Society of America,5
"Isfahan Cardiovascular Research Center, Isfahan University of Medical Sciences",5
Blackwell Science Inc,5
African Field Epidemiology Network,4
Japan Society of Histochemistry and Cytochemistry,4
The Nuclear Receptor Signaling Atlas,4
The Korean Academy of Prosthodontics,4
Research and Publications Office of Jimma University,4
Korean Society of Hematology; Korean Society of Blood and Marrow Transplantation; Korean Society of Pediatric Hematology-Oncology; Korean Society on Thrombosis and Hemostasis,4
Springer Healthcare Communications,4
The Korean Society of Mycology,4
Medicine Reports Ltd,4
Science Press,4
BioScientifica,4
Korean Breast Cancer Society,4
American Society for Cell Biology,4
Birkhäuser-Verlag,4
American Diabetes Association,4
The Korean Gastric Cancer Association,4
The Korean Academy of Family Medicine,4
Kermanshah University of Medical Sciences,4
BioMed Central|1,4
Österreichische Apotheker-Verlagsgesellschaft,4
Kluwer Academic Publishers-Plenum Publishers,3
University of Wisconsin Library,3
The Korean Society of Gastroenterology; the Korean Society of Gastrointestinal Endoscopy; the Korean Association for the Study of the Liver; the Korean Society of Neurogastroenterology and Motility; Korean Association for the Study of Intestinal Diseases; Korean College of Helicobacter and Upper Gastrointestinal Research; Korean Pancreatobiliary Association; Korean Society of Gastrointestinal Cancer,3
Korean Cancer Association,3
Chonnam National University Medical School,3
Medical Education Online,3
German Medical Science GMS Publishing House,3
Korean Academy of Periodontology,3
Maney Publishing,3
Medicina Oral S.L.,3
The Korean Society for Parasitology,3
The Korean Association of Immunobiologists,3
TheScientificWorldJOURNAL,3
AlphaMed Press,3
"Department of Emergency Medicine, University of California, Irvine",2
The Korean Society for Reproductive Medicine,2
Steinkopff-Verlag,2
Tabriz University of Medical Sciences,2
The Korean Society of Plastic and Reconstructive Surgeons,2
SAGE Publications,2
John Wiley and Sons and The American Society for Bone and Mineral Research (ASBMR),2
"John Wiley & Sons, Ltd.",2
Kluwer Academic Publishers,2
Multimed Inc.,2
Medknow Publications & Media Pvt Ltd,2
"American
Chemical Society",2
Slovak Toxicology Society SETOX,2
Bentham Science Publishers Ltd.,2
The Korean Society for Radiation Oncology,2
Korean Society of Epidemiology,2
The Korean Society of Radiology,2
Society for Endocrinology,2
D. Steinkopff-Verlag,2
The African Field Epidemiology Network,2
The Korean Society for Brain and Neural Science,1
The Japanese Society of Toxicologic Pathology,1
"Hospital das Clínicas da Faculdade de Medicina da
Universidade de São Paulo",1
California Chapter of the American Academy of Emergency Medicine,1
Shiraz University of Medical Sciences,1
"Indian Heart
Rhythm Society",1
Frontiers Media S.A,1
Vieweg Verlag,1
American Society for Nutrition,1
Dr. Zaheer-Ud-Din Babar,1
"American Chemical
Society and American
Society of Pharmacognosy",1
National Health Personnel Licensing Examination Board of the Republic of Korea,1
Korean Society of Echocardiography,1
Nature Pub. Group,1
The Japanese Society of Tropical Medicine,1
The Royal Society Publishing,1
Dr. Zaheer-Ud-​Din Babar,1
Informa healthcare,1
Hogrefe Publishing,1
Korea Genome Organization,1
Rockefeller University Press|1,1
Cases Network Ltd,1
Library Publishing Media,1
The Korean Society of Gastroenterology; the Korean Society of Gastrointestinal Endoscopy; the Korean Association for the Study of the Liver; the Korean Society of Neurogastroenterology and Motility; Korean Association for the Study of Intestinal Diseases; Korean College of Helicobacter and Upper Gastrointestinal Research; Korean Pancreatobiliary Association,1
Nationaal Herbarium Nederland & Centraallbureau voor Schimmelcultures,1
The Korean Society of Environmental Health and Toxicology,1
Pensoft Publishers,1
Ophthalmic Research Center,1
"John Wiley & Sons, Inc.",1
Korean Diabetes Association,1
Humana Press,1
Psychology Press,1
Bentham Science Publishers,1
Cambridge University Press,1
Japanese Society of Breeding,1
